dataset_id,source_system,relative_path,source_file_name,file_format,enabled,source_group,commodity,frequency,bronze_dataset,notes
faostat_production_rubber,faostat,faostat/production/01-cao-su.csv,01-cao-su.csv,csv,true,01,rubber,annual,faostat_production_rubber,
faostat_production_coffee,faostat,faostat/production/01-coffee.csv,01-coffee.csv,csv,true,01,coffee,annual,faostat_production_coffee,
faostat_production_pepper,faostat,faostat/production/01-pepper.csv,01-pepper.csv,csv,true,01,pepper,annual,faostat_production_pepper,
faostat_producer_prices_annual_rubber,faostat,faostat/prices/annual/02-nam-caosu.csv,02-nam-caosu.csv,csv,true,02a,rubber,annual,faostat_producer_prices_annual_rubber,
faostat_producer_prices_annual_coffee,faostat,faostat/prices/annual/02-nam-coffee.csv,02-nam-coffee.csv,csv,true,02a,coffee,annual,faostat_producer_prices_annual_coffee,
faostat_producer_prices_annual_pepper,faostat,faostat/prices/annual/02-nam-pepper.csv,02-nam-pepper.csv,csv,true,02a,pepper,annual,faostat_producer_prices_annual_pepper,
faostat_producer_prices_monthly_rubber,faostat,faostat/prices/monthly/02-month-caosu.csv,02-month-caosu.csv,csv,true,02b,rubber,monthly,faostat_producer_prices_monthly_rubber,
faostat_producer_prices_monthly_coffee,faostat,faostat/prices/monthly/02-month-coffee.csv,02-month-coffee.csv,csv,true,02b,coffee,monthly,faostat_producer_prices_monthly_coffee,
faostat_producer_prices_monthly_pepper,faostat,faostat/prices/monthly/02-month-pepper.csv,02-month-pepper.csv,csv,true,02b,pepper,monthly,faostat_producer_prices_monthly_pepper,
faostat_detailed_trade_matrix_rubber,faostat,faostat/trade_matrix/03-caosu.csv,03-caosu.csv,csv,true,03,rubber,annual,faostat_detailed_trade_matrix_rubber,
faostat_detailed_trade_matrix_coffee,faostat,faostat/trade_matrix/03-coffee.csv,03-coffee.csv,csv,true,03,coffee,annual,faostat_detailed_trade_matrix_coffee,
faostat_detailed_trade_matrix_pepper,faostat,faostat/trade_matrix/03-pepper.csv,03-pepper.csv,csv,true,03,pepper,annual,faostat_detailed_trade_matrix_pepper,
faostat_tcl_trade_rubber,faostat,faostat/tcl/04-TCL-caosu.csv,04-TCL-caosu.csv,csv,true,04,rubber,annual,faostat_tcl_trade_rubber,
faostat_tcl_trade_coffee,faostat,faostat/tcl/04-TCL-coffee.csv,04-TCL-coffee.csv,csv,true,04,coffee,annual,faostat_tcl_trade_coffee,
faostat_tcl_trade_pepper,faostat,faostat/tcl/04-TCL-pepper.csv,04-TCL-pepper.csv,csv,true,04,pepper,annual,faostat_tcl_trade_pepper,
un_comtrade_annual,un_comtrade,un_comtrade/un_comtrade_annual.csv,un_comtrade_annual.csv,csv,true,05,,annual,un_comtrade_annual,
un_comtrade_monthly,un_comtrade,un_comtrade/un_comtrade_monthly.csv,un_comtrade_monthly.csv,csv,true,05,,monthly,un_comtrade_monthly,
world_bank_pink_sheet,world_bank,world_bank/world_bank_pink_sheet_raw.csv,world_bank_pink_sheet_raw.csv,csv,true,06,,monthly,world_bank_pink_sheet,
world_bank_wdi,world_bank,world_bank/world_bank_wdi.csv,world_bank_wdi.csv,csv,true,06,,annual,world_bank_wdi,
nasa_power_weather_daily_63,nasa_power,nasa_power/nasa_power_weather_daily_63.csv,nasa_power_weather_daily_63.csv,csv,true,07,,daily,nasa_power_weather_daily_63,
provincial_agriculture_three_commodities,provincial_agriculture,provincial/all_crops/nong_nghiep_cap_tinh_3_cay.csv,nong_nghiep_cap_tinh_3_cay.csv,csv,true,08,,mixed,provincial_agriculture_three_commodities,
provincial_coffee_area,provincial_agriculture,provincial/coffee/dien_tich_trong_ca_phe_cac_tinh_VN.xlsx,dien_tich_trong_ca_phe_cac_tinh_VN.xlsx,xlsx,true,08,coffee,annual,provincial_coffee_area,
provincial_coffee_production,provincial_agriculture,provincial/coffee/san_luong_ca_phe_cac_tinh_VN.xlsx,san_luong_ca_phe_cac_tinh_VN.xlsx,xlsx,true,08,coffee,annual,provincial_coffee_production,
provincial_coffee_average_price,provincial_agriculture,provincial/coffee/gia_ca_phe_nhan_xo_trung_binh_tay_nguyen.xlsx,gia_ca_phe_nhan_xo_trung_binh_tay_nguyen.xlsx,xlsx,true,08,coffee,annual,provincial_coffee_average_price,
provincial_coffee_export_volume_value,provincial_agriculture,provincial/coffee/luong_va_gia_tri_xuat_khau_ca_phe_viet_nam.xlsx,luong_va_gia_tri_xuat_khau_ca_phe_viet_nam.xlsx,xlsx,true,08,coffee,annual,provincial_coffee_export_volume_value,
provincial_coffee_world_ending_stocks,provincial_agriculture,provincial/coffee/ton_kho_ca_phe_cuoi_ky_the_gioi.xlsx,ton_kho_ca_phe_cuoi_ky_the_gioi.xlsx,xlsx,true,08,coffee,annual,provincial_coffee_world_ending_stocks,
